Name,Email Address,Lesson Summary,Quiz Summary,Assignment Summary,Grade Point Average,Gender,Age,Children,Completed_Nysc,Intermediate class Eligibility
1,,2023-01-24,77,61,17,Female,25,true,false,true
2,,2023-04-08,89,2,77,Male,31,false,false,false
3,,2023-01-12,80,61,59,Male,30,true,true,true
4,,2023-02-24,73,71,57,Male,24,true,true,true
5,,2023-03-08,92,82,13,Male,39,false,false,false
6,,2023-04-11,83,52,97,Male,26,false,true,true
7,,2023-03-07,48,48,96,Female,26,false,true,false
8,,2023-01-10,99,69,2,Male,28,false,false,true
9,,2023-03-17,67,2,53,Male,25,true,true,true
10,,2023-03-12,72,11,5,Male,27,false,true,true
11,,2023-02-18,74,37,1,Female,38,true,false,false
12,,2023-03-08,49,19,40,Male,27,false,false,true
13,,2023-02-27,100,26,36,Female,18,false,true,true
14,,2023-02-16,54,92,70,Male,29,false,true,false
15,,2023-02-06,46,84,64,Female,28,false,false,false
16,,2023-03-19,52,85,73,Male,23,true,false,false
17,,2023-01-07,48,41,1,Male,40,false,false,false
18,,2023-02-11,66,99,71,Female,21,false,true,true
19,,2023-02-06,73,40,10,Male,23,false,false,false
20,,2023-02-11,93,0,49,Female,18,false,true,false
21,,2023-02-23,70,31,32,Female,39,false,false,false
22,,2023-02-19,52,68,29,Male,37,false,false,false
23,,2023-01-28,98,86,49,Male,39,false,false,false
24,,2023-04-18,77,47,58,Male,30,true,true,true
25,,2023-04-22,99,89,53,Male,37,true,false,false
26,,2023-03-06,77,16,51,Female,31,false,true,true
27,,2023-03-05,72,89,49,Male,34,false,true,false
28,,2023-04-14,71,82,79,Male,35,false,true,true
29,,2023-01-22,85,41,82,Female,34,true,true,true
30,,2023-04-25,46,5,63,Female,30,true,true,false
31,,2023-04-11,63,65,61,Male,23,true,true,false
32,,2023-03-06,74,66,86,Female,34,false,true,false
33,,2023-04-19,72,53,95,Female,25,false,true,true
34,,2023-02-10,46,1,18,Male,39,true,true,true
35,,2023-01-07,89,52,51,Female,24,true,true,true
36,,2023-02-06,64,72,98,Male,37,false,true,false
37,,2023-02-13,79,9,81,Female,30,true,true,true
38,,2023-04-10,72,43,50,Female,40,false,true,true
39,,2023-01-23,54,45,57,Female,26,false,false,false
40,,2023-03-17,67,70,66,Male,23,true,true,false
41,,2023-02-02,86,57,94,Male,35,false,false,false
42,,2023-04-25,54,25,50,Male,31,true,false,true
43,,2023-03-20,61,57,32,Female,19,false,false,false
44,,2023-03-23,56,9,62,Male,24,true,true,false
45,,2023-01-30,54,98,9,Male,26,true,false,false
46,,2023-04-11,78,28,66,Female,28,false,false,false
47,,2023-02-09,47,39,84,Female,32,true,false,false
48,,2023-01-23,52,42,82,Female,25,false,true,true
49,,2023-01-27,50,12,91,Male,34,false,false,false
50,,2023-02-05,77,22,28,Male,23,false,true,true
51,,2023-04-23,49,72,22,Male,33,false,false,true
52,,2023-02-02,83,22,56,Male,26,true,false,false
53,,2023-03-09,49,32,80,Female,32,false,false,false
54,,2023-04-26,80,9,59,Female,39,false,true,true
55,,2023-03-09,81,38,70,Female,21,true,true,true
56,,2023-01-24,98,10,19,Male,27,false,true,false
57,,2023-04-14,49,16,64,Male,38,true,true,false
58,,2023-02-10,97,41,21,Male,33,false,false,true
59,,2023-02-08,65,3,40,Male,25,false,false,true
60,,2023-03-28,67,45,38,Male,38,true,false,true
61,,2023-03-23,81,51,77,Male,24,true,false,false
62,,2023-01-15,64,71,19,Male,34,true,false,false
63,,2023-01-09,75,75,29,Female,28,false,false,false
64,,2023-04-03,68,9,9,Male,34,false,false,false
65,,2023-01-28,66,79,78,Female,25,true,true,false
66,,2023-04-02,93,27,83,Female,18,true,false,false
67,,2023-03-14,79,61,36,Female,30,false,false,false
68,,2023-03-31,48,33,6,Female,20,true,true,false
69,,2023-03-13,99,21,92,Female,20,false,false,true
70,,2023-02-20,70,38,32,Male,30,false,true,false
71,,2023-02-04,83,64,37,Female,33,true,true,true
72,,2023-01-04,71,68,1,Female,37,true,true,false
73,,2023-04-26,63,7,89,Female,31,true,false,false
74,,2023-02-24,98,16,82,Female,37,false,true,true
75,,2023-04-10,70,17,21,Male,30,true,true,false
76,,2023-03-24,87,34,74,Male,27,true,true,true
77,,2023-01-18,98,19,60,Male,37,false,false,true
78,,2023-02-18,95,53,36,Male,25,false,false,false
79,,2023-04-25,80,5,41,Male,21,false,true,true
80,,2023-01-31,82,43,58,Male,31,false,true,true
81,,2023-01-19,74,25,48,Male,37,false,true,true
82,,2023-03-11,99,96,21,Female,20,false,true,false
83,,2023-02-01,72,72,44,Male,23,false,false,true
84,,2023-03-30,71,95,15,Male,24,false,true,true
85,,2023-03-26,83,37,13,Female,40,false,false,true
86,,2023-03-27,84,97,10,Male,36,true,false,false
87,,2023-03-21,85,2,67,Male,30,true,false,false
88,,2023-02-03,89,24,32,Male,23,false,true,false
89,,2023-03-17,91,1,44,Female,27,false,true,false
90,,2023-04-22,81,12,96,Female,32,true,true,false
91,,2023-04-02,64,70,85,Female,32,false,true,true
92,,2023-02-07,57,38,73,Female,19,false,false,true
93,,2023-01-24,64,7,48,Male,36,false,true,true
94,,2023-01-22,79,25,40,Male,21,true,true,true
95,,2023-04-10,79,54,98,Female,31,false,true,false
96,,2023-03-23,45,79,85,Male,30,true,false,false
97,,2023-04-29,49,50,99,Female,25,true,false,false
98,,2023-02-02,61,89,17,Female,25,false,false,false
99,,2023-01-24,71,94,94,Female,30,false,false,false
100,,2023-02-08,53,61,80,Female,30,true,true,false
101,,2023-03-18,81,93,5,Male,34,false,false,false
102,,2023-03-27,62,7,77,Female,21,false,false,false
103,,2023-02-16,91,27,6,Female,32,false,false,true
104,,2023-04-06,78,60,12,Male,30,true,false,false
105,,2023-01-12,76,81,60,Male,20,true,true,true
106,,2023-04-06,48,43,89,Female,39,false,true,true
107,,2023-03-13,54,1,81,Female,37,true,false,false
108,,2023-02-02,47,16,46,Female,24,false,true,false
109,,2023-01-24,100,79,0,Male,40,true,true,true
110,,2023-04-27,48,44,47,Female,21,false,true,false
111,,2023-03-20,82,83,85,Female,22,true,false,false
112,,2023-02-14,62,94,2,Male,25,true,true,false
113,,2023-01-07,79,20,82,Male,33,true,false,true
114,,2023-02-17,90,67,35,Female,37,true,true,true
115,,2023-03-20,53,89,48,Female,31,false,false,true
116,,2023-01-22,70,50,8,Male,35,false,true,true
117,,2023-03-13,54,2,50,Female,28,false,true,false
118,,2023-02-07,93,72,43,Female,35,true,false,false
119,,2023-03-07,52,61,42,Female,37,true,false,true
120,,2023-04-21,87,72,79,Female,35,true,false,true
121,,2023-04-01,87,99,66,Male,23,false,true,true
122,,2023-04-14,89,26,88,Male,25,false,false,true
123,,2023-03-11,52,32,60,Male,36,true,true,false
124,,2023-02-04,72,35,73,Female,32,true,true,false
125,,2023-01-07,82,80,34,Male,32,false,false,false
126,,2023-02-28,59,85,43,Male,31,false,true,false
127,,2023-02-17,66,84,17,Male,28,false,true,true
128,,2023-03-31,49,20,53,Male,22,false,true,false
129,,2023-04-02,87,86,2,Male,28,true,true,true
130,,2023-02-17,57,18,13,Female,24,true,false,true
131,,2023-04-16,63,63,42,Male,22,false,false,false
132,,2023-03-29,81,44,24,Male,31,false,true,true
133,,2023-04-22,83,10,77,Male,30,true,false,false
134,,2023-01-30,99,90,78,Female,18,true,false,true
135,,2023-04-15,47,30,52,Male,23,false,false,true
136,,2023-03-09,64,64,76,Female,30,false,true,true
137,,2023-02-01,48,41,74,Male,33,true,false,false
138,,2023-03-21,76,91,16,Male,32,true,true,false
139,,2023-01-14,82,50,95,Male,27,true,true,true
140,,2023-01-13,96,74,98,Female,30,false,true,false
141,,2023-04-03,76,95,67,Female,24,true,false,true
142,,2023-01-06,68,42,13,Female,21,true,true,true
143,,2023-04-28,82,73,51,Male,20,false,true,false
144,,2023-04-26,97,14,47,Male,23,false,false,true
145,,2023-03-03,89,14,31,Female,30,true,true,false
146,,2023-02-02,49,66,63,Female,36,false,false,true
147,,2023-01-24,87,12,3,Male,19,true,true,false
148,,2023-03-06,67,58,38,Female,40,false,true,true
149,,2023-02-28,53,20,44,Male,40,true,true,true
150,,2023-03-18,65,53,50,Male,21,false,true,true
151,,2023-01-23,68,63,63,Female,21,false,false,true
152,,2023-04-27,91,22,70,Male,21,true,false,false
153,,2023-03-21,73,43,5,Female,23,false,true,false
154,,2023-04-15,61,99,83,Female,25,true,true,true
155,,2023-04-07,69,74,53,Female,18,true,false,false
156,,2023-04-16,87,21,76,Male,27,true,true,true
157,,2023-01-17,87,89,45,Male,25,true,true,true
158,,2023-04-30,89,60,17,Male,31,false,true,true
159,,2023-04-18,58,86,79,Female,28,false,true,false
160,,2023-04-02,84,67,3,Female,31,true,false,true
161,,2023-03-13,78,91,96,Female,37,true,false,false
162,,2023-02-17,56,10,99,Male,21,true,false,false
163,,2023-02-21,88,52,60,Male,39,true,false,true
164,,2023-02-27,47,46,43,Male,27,false,true,false
165,,2023-04-23,82,78,59,Male,20,true,false,true
166,,2023-02-27,84,91,0,Female,24,true,true,true
167,,2023-04-25,65,55,75,Female,29,true,false,false
168,,2023-04-28,63,48,91,Male,25,true,false,true
169,,2023-04-11,91,66,44,Female,29,true,true,false
170,,2023-03-10,49,94,19,Female,23,false,true,false
171,,2023-01-09,66,47,83,Male,35,true,false,true
172,,2023-01-16,53,4,73,Female,25,true,true,true
173,,2023-04-20,57,97,10,Female,22,true,true,false
174,,2023-04-30,74,59,14,Male,36,true,true,false
175,,2023-02-18,56,70,46,Female,40,true,true,false
176,,2023-04-27,72,44,88,Female,21,true,true,true
177,,2023-04-16,98,27,13,Female,40,false,false,true
178,,2023-01-27,60,9,94,Female,40,true,false,false
179,,2023-02-18,73,17,8,Female,29,true,false,true
180,,2023-04-27,64,44,4,Male,39,true,true,true
181,,2023-04-08,81,55,24,Male,25,true,false,false
182,,2023-04-01,72,53,75,Female,19,true,false,true
183,,2023-01-04,54,100,2,Male,25,false,false,false
184,,2023-01-08,70,30,58,Male,21,false,true,false
185,,2023-01-15,74,82,100,Female,38,false,false,false
186,,2023-04-20,63,28,73,Male,31,true,false,false
187,,2023-01-21,100,20,35,Male,27,false,false,false
188,,2023-04-10,50,0,89,Male,40,true,true,true
189,,2023-01-13,96,78,88,Male,21,true,false,false
190,,2023-02-22,56,73,77,Female,32,false,true,true
191,,2023-03-17,94,87,25,Male,39,false,false,true
192,,2023-01-01,83,60,90,Female,28,true,false,false
193,,2023-02-24,99,50,84,Female,33,true,false,true
194,,2023-03-04,51,3,31,Male,31,true,false,true
195,,2023-03-24,86,58,45,Female,29,true,false,true
196,,2023-04-12,76,84,15,Male,27,true,true,false
197,,2023-04-09,50,4,10,Male,21,true,false,true
198,,2023-03-03,50,64,10,Female,37,false,false,true
199,,2023-03-22,88,92,34,Female,23,true,true,true
200,,2023-03-26,68,58,14,Female,26,true,true,false
201,,2023-03-16,49,41,61,Female,18,true,false,false
202,,2023-01-13,72,57,47,Female,20,true,true,false
203,,2023-04-13,74,14,33,Male,30,false,true,true
204,,2023-04-19,82,18,80,Male,33,false,true,true
205,,2023-03-26,78,25,90,Male,21,false,false,false
206,,2023-02-11,75,66,94,Female,26,true,false,true
207,,2023-03-03,69,70,78,Male,20,true,true,true
208,,2023-02-01,63,67,39,Female,37,true,true,false
209,,2023-03-11,96,12,1,Female,39,false,false,false
210,,2023-02-02,80,57,5,Male,40,true,false,false
211,,2023-02-26,54,43,31,Male,40,true,true,true
212,,2023-01-29,65,20,93,Male,33,false,true,false
213,,2023-01-29,59,68,68,Male,19,true,true,true
214,,2023-03-28,55,5,37,Male,21,false,false,false
215,,2023-04-08,79,29,15,Male,20,false,true,false
216,,2023-01-02,57,18,71,Male,21,true,false,false
217,,2023-03-17,87,89,62,Female,30,false,true,true
218,,2023-02-16,50,61,47,Male,22,false,true,false
219,,2023-04-05,53,50,90,Female,33,false,false,false
220,,2023-02-20,56,14,33,Male,36,true,false,true
221,,2023-03-13,57,20,63,Male,38,true,true,false
222,,2023-03-09,86,3,53,Female,18,false,true,true
223,,2023-01-26,78,82,45,Male,21,false,false,true
224,,2023-03-07,90,76,21,Male,31,true,false,true
225,,2023-03-13,80,16,35,Male,23,true,false,false
226,,2023-04-15,90,23,55,Female,29,false,true,true
227,,2023-03-22,79,52,39,Male,29,true,false,true
228,,2023-01-04,50,88,12,Female,27,false,true,true
229,,2023-04-23,56,97,45,Female,22,false,true,false
230,,2023-01-27,55,8,70,Female,21,true,true,false
231,,2023-04-27,71,44,2,Male,18,true,false,false
232,,2023-02-13,61,19,6,Male,38,true,true,true
233,,2023-01-12,45,9,28,Male,25,false,true,true
234,,2023-02-13,79,77,31,Male,37,false,true,true
235,,2023-01-07,47,32,48,Male,40,false,true,false
236,,2023-02-12,87,40,65,Male,34,false,false,true
237,,2023-02-05,68,5,68,Female,34,true,true,false
238,,2023-03-29,100,63,55,Male,36,false,false,true
239,,2023-02-17,58,13,49,Male,25,true,true,false
240,,2023-01-09,91,72,19,Male,24,false,false,true
241,,2023-04-29,85,45,22,Female,38,true,false,false
242,,2023-02-03,76,39,2,Female,34,true,true,true
243,,2023-03-11,91,70,20,Male,30,false,false,false
244,,2023-03-05,98,91,91,Female,34,false,true,false
245,,2023-01-29,89,64,51,Female,34,true,true,true
246,,2023-03-29,80,68,40,Male,18,true,false,false
247,,2023-03-01,48,22,0,Female,34,true,false,true
248,,2023-03-08,77,67,72,Male,21,false,false,true
249,,2023-04-28,84,3,78,Male,35,true,true,true
250,,2023-03-16,59,89,57,Female,33,true,false,false
251,,2023-01-06,59,15,79,Male,25,false,true,true
252,,2023-01-19,98,54,89,Male,30,true,true,false
253,,2023-04-22,60,14,8,Female,30,true,true,false
254,,2023-03-04,77,98,52,Male,32,false,true,true
255,,2023-02-27,59,48,5,Male,28,true,true,false
256,,2023-02-14,89,6,83,Female,19,true,false,false
257,,2023-01-31,72,81,45,Female,39,true,false,false
258,,2023-04-28,81,9,52,Female,33,true,true,false
259,,2023-03-14,90,42,17,Male,37,true,true,false
260,,2023-03-03,92,85,96,Female,38,false,true,false
261,,2023-04-23,99,40,40,Male,37,true,true,false
262,,2023-02-13,93,57,19,Female,36,false,true,true
263,,2023-03-12,57,16,18,Male,37,true,true,false
264,,2023-01-17,68,99,84,Male,31,false,true,false
265,,2023-04-05,83,33,82,Female,18,false,false,true
266,,2023-01-21,64,81,19,Male,28,true,true,true
267,,2023-04-27,95,57,44,Female,35,false,true,true
268,,2023-02-10,97,98,80,Male,35,true,false,false
269,,2023-02-02,80,86,55,Female,30,false,true,false
270,,2023-01-02,69,44,65,Female,24,true,false,true
271,,2023-03-20,91,16,17,Female,38,false,true,true
272,,2023-02-12,96,51,84,Male,31,false,true,false
273,,2023-02-20,55,92,85,Male,21,true,false,false
274,,2023-01-01,55,50,28,Female,20,false,false,true
275,,2023-04-04,76,5,81,Male,19,false,false,false
276,,2023-01-17,84,15,70,Female,23,true,false,false
277,,2023-01-16,68,80,10,Female,19,false,false,false
278,,2023-02-02,95,26,81,Male,26,true,false,true
279,,2023-01-02,72,14,6,Male,38,false,false,true
280,,2023-02-27,50,95,76,Male,20,false,true,false
281,,2023-01-31,62,40,29,Male,33,true,true,true
282,,2023-03-11,96,95,49,Male,25,true,true,false
283,,2023-02-13,71,64,19,Female,35,true,true,true
284,,2023-04-28,48,21,81,Male,23,false,true,false
285,,2023-01-29,80,50,37,Male,37,true,true,true
286,,2023-01-20,76,25,17,Male,19,true,true,true
287,,2023-04-24,55,11,41,Female,32,true,true,false
288,,2023-01-03,71,39,71,Female,18,false,true,false
289,,2023-04-18,45,56,0,Female,22,false,false,true
290,,2023-02-16,51,35,72,Male,29,true,false,true
291,,2023-01-16,51,55,36,Male,33,false,false,true
292,,2023-02-10,98,96,85,Female,22,true,true,false
293,,2023-03-07,77,8,53,Male,24,true,true,false
294,,2023-02-06,89,4,36,Male,40,false,true,true
295,,2023-04-14,53,40,59,Male,18,true,false,true
296,,2023-01-20,99,87,0,Male,28,false,false,true
297,,2023-04-09,73,89,64,Female,40,false,true,true
298,,2023-03-16,64,57,89,Male,26,true,false,false
299,,2023-02-07,88,58,76,Male,39,false,false,false
300,,2023-01-16,49,14,13,Male,30,false,false,true
301,,2023-04-19,55,42,51,Male,32,true,true,false
302,,2023-03-16,87,45,10,Male,21,false,true,false
303,,2023-04-03,62,57,22,Male,33,false,false,false
304,,2023-03-20,46,4,21,Male,18,true,false,false
305,,2023-03-08,91,20,72,Male,25,false,true,true
306,,2023-03-04,82,7,45,Female,40,false,true,false
307,,2023-04-11,93,19,55,Male,37,false,true,true
308,,2023-03-28,82,84,19,Male,25,false,true,true
309,,2023-01-05,99,35,89,Female,27,true,false,false
310,,2023-01-31,63,25,70,Male,32,true,true,true
311,,2023-04-10,84,17,98,Male,37,false,false,true
312,,2023-03-25,76,25,75,Female,31,false,true,false
313,,2023-03-28,45,19,81,Female,29,true,false,false
314,,2023-01-01,68,9,4,Female,27,true,false,true
315,,2023-04-27,86,58,82,Male,36,true,true,true
316,,2023-04-14,53,15,71,Male,23,true,true,true
317,,2023-02-02,96,37,44,Male,27,true,true,false
318,,2023-03-09,87,26,0,Male,34,false,true,true
319,,2023-03-01,47,6,4,Female,29,true,false,true
320,,2023-03-06,55,44,47,Male,21,false,false,false
321,,2023-03-12,93,68,45,Female,22,true,true,true
322,,2023-02-04,76,7,75,Male,32,false,true,true
323,,2023-04-07,100,91,18,Female,26,false,true,true
324,,2023-03-14,62,59,23,Male,30,false,false,true
325,,2023-04-02,45,78,52,Female,21,false,true,false
326,,2023-03-05,82,87,55,Male,28,true,false,true
327,,2023-02-22,73,30,22,Female,21,false,false,false
328,,2023-01-26,79,57,48,Male,37,true,false,true
329,,2023-04-23,48,17,100,Male,27,true,true,true
330,,2023-01-13,99,48,70,Female,34,false,true,false
331,,2023-04-19,82,92,28,Female,30,false,false,false
332,,2023-03-03,85,40,6,Female,21,true,false,false
333,,2023-01-10,49,78,82,Male,33,false,false,false
334,,2023-02-09,69,22,18,Female,25,true,true,true
335,,2023-02-11,54,4,41,Male,20,false,true,true
336,,2023-03-12,96,18,1,Female,37,true,true,true
337,,2023-03-31,95,58,89,Male,22,true,true,false
338,,2023-04-29,54,26,33,Male,39,true,true,false
339,,2023-01-03,69,51,55,Male,28,true,false,true
340,,2023-01-26,82,91,84,Male,26,true,false,true
341,,2023-02-14,90,2,42,Male,34,false,false,true
342,,2023-04-23,68,57,58,Female,26,false,false,false
343,,2023-04-03,73,80,35,Female,20,false,true,false
344,,2023-03-16,81,71,32,Female,34,true,true,false
345,,2023-02-08,87,87,6,Female,26,false,false,false
346,,2023-03-26,86,44,57,Female,18,false,false,true
347,,2023-02-22,77,51,57,Female,34,true,true,false
348,,2023-03-18,78,83,82,Male,21,true,false,false
349,,2023-01-11,63,72,51,Female,38,false,false,false
350,,2023-02-26,96,64,77,Female,22,false,false,true
351,,2023-03-21,84,35,65,Male,33,true,false,true
352,,2023-04-16,88,7,35,Female,38,true,false,true
353,,2023-04-30,48,87,5,Female,34,true,true,false
354,,2023-02-09,62,61,23,Female,24,true,false,true
355,,2023-01-08,92,83,58,Female,29,true,false,true
356,,2023-03-11,49,65,91,Male,28,true,true,false
357,,2023-03-09,85,19,19,Female,24,false,false,false
358,,2023-04-06,67,100,78,Female,32,false,false,false
359,,2023-01-29,95,69,56,Male,29,true,true,true
360,,2023-03-28,64,83,9,Male,29,true,true,false
361,,2023-04-20,63,47,42,Female,25,false,true,true
362,,2023-04-27,66,42,89,Female,28,false,false,true
363,,2023-03-06,86,5,96,Male,30,true,true,false
364,,2023-03-02,62,81,48,Male,21,true,true,false
365,,2023-02-09,60,28,93,Male,29,false,false,false
366,,2023-01-27,56,21,49,Female,39,false,true,false
367,,2023-01-21,86,9,88,Female,18,false,false,true
368,,2023-04-04,63,30,21,Female,29,true,false,false
369,,2023-03-22,73,51,91,Female,28,true,true,true
370,,2023-01-20,64,56,38,Male,30,false,true,true
371,,2023-04-29,56,69,93,Female,18,true,false,false
372,,2023-01-23,55,11,7,Female,21,true,false,false
373,,2023-02-19,67,23,87,Male,28,true,true,true
374,,2023-01-15,96,85,27,Male,32,true,false,true
375,,2023-03-20,89,78,90,Female,20,false,false,true
376,,2023-04-14,58,38,68,Female,32,false,false,false
377,,2023-03-28,79,67,18,Female,39,false,true,true
378,,2023-04-12,95,9,22,Female,19,false,false,false
379,,2023-03-08,91,4,40,Male,19,true,false,false
380,,2023-01-07,64,62,89,Male,30,false,true,false
381,,2023-04-22,55,45,77,Male,29,false,false,true
382,,2023-04-27,82,22,28,Male,40,false,false,true
383,,2023-04-28,48,8,96,Female,22,true,true,true
384,,2023-03-05,84,64,81,Female,30,true,false,true
385,,2023-04-12,79,28,30,Female,33,false,true,false
386,,2023-03-31,96,29,53,Female,37,false,false,false
387,,2023-02-08,82,91,91,Male,35,true,true,false
388,,2023-03-28,97,16,45,Male,37,false,true,false
389,,2023-03-09,91,81,83,Female,29,true,false,false
390,,2023-03-03,87,65,59,Female,32,false,true,false
391,,2023-02-28,96,31,56,Male,40,true,true,true
392,,2023-01-18,66,35,19,Female,20,false,true,false
393,,2023-04-22,60,21,55,Male,38,true,true,false
394,,2023-02-04,75,45,28,Female,36,false,true,false
395,,2023-03-17,64,20,95,Male,26,false,true,true
396,,2023-03-15,59,41,47,Female,33,true,true,false
397,,2023-02-04,86,73,48,Male,37,false,true,true
398,,2023-01-26,69,4,27,Female,28,false,true,true
399,,2023-04-19,77,78,50,Female,30,false,false,false
400,,2023-04-02,57,77,98,Male,37,true,false,true
401,,2023-02-18,57,8,65,Male,32,true,true,false
402,,2023-03-11,61,88,85,Female,39,true,false,false
403,,2023-04-12,77,93,80,Female,21,true,true,false
404,,2023-03-14,76,53,37,Male,39,false,false,true
405,,2023-02-25,69,94,56,Male,37,false,false,true
406,,2023-04-30,53,32,52,Female,28,false,true,false
407,,2023-03-08,83,42,60,Male,20,false,true,true
408,,2023-02-28,66,94,6,Male,37,false,false,false
409,,2023-04-01,48,51,68,Female,20,true,true,true
410,,2023-01-13,90,54,94,Female,33,true,false,true
411,,2023-04-17,94,71,42,Female,19,true,false,true
412,,2023-03-20,52,52,12,Female,37,false,true,false
413,,2023-02-14,86,70,48,Male,34,true,false,false
414,,2023-02-19,95,1,37,Female,24,true,true,false
415,,2023-02-01,79,79,13,Male,36,false,true,false
416,,2023-03-18,68,27,81,Female,30,true,true,true
417,,2023-01-12,93,52,56,Male,39,true,false,false
418,,2023-03-21,66,67,47,Male,19,false,false,true
419,,2023-02-21,76,98,68,Female,33,false,true,true
420,,2023-01-13,68,58,41,Male,22,true,true,false
421,,2023-01-25,48,24,89,Male,18,false,true,false
422,,2023-04-01,67,32,89,Female,21,true,true,true
423,,2023-04-22,62,47,64,Male,19,false,true,false
424,,2023-03-31,58,82,27,Male,20,false,false,false
425,,2023-02-14,86,56,72,Male,25,false,true,true
426,,2023-02-04,94,84,85,Male,20,true,false,true
427,,2023-04-21,100,14,18,Male,33,true,false,false
428,,2023-04-30,79,13,25,Male,32,false,false,false
429,,2023-01-11,82,50,27,Female,31,true,true,true
430,,2023-03-07,97,67,78,Female,35,false,false,true
431,,2023-01-19,99,33,14,Female,39,false,true,true
432,,2023-01-20,91,37,15,Female,37,false,false,false
433,,2023-04-09,79,5,80,Male,32,true,true,true
434,,2023-01-25,46,90,18,Male,35,false,true,true
435,,2023-04-11,63,91,51,Female,39,true,false,true
436,,2023-03-05,77,62,64,Male,35,true,true,true
437,,2023-01-28,45,87,92,Female,23,true,true,true
438,,2023-03-03,53,79,18,Female,24,true,false,true
439,,2023-04-03,84,35,54,Male,18,false,true,false
440,,2023-02-13,49,27,10,Male,32,false,true,true
441,,2023-01-14,82,11,97,Female,36,true,false,true
442,,2023-03-05,58,80,47,Female,30,false,false,false
443,,2023-01-15,59,20,69,Female,33,true,false,true
444,,2023-01-23,94,80,25,Male,25,false,false,false
445,,2023-03-26,92,52,95,Male,34,true,false,false
446,,2023-03-26,76,96,95,Male,34,true,false,true
447,,2023-01-11,70,56,54,Female,37,false,true,false
448,,2023-02-28,69,78,19,Male,29,true,true,true
449,,2023-04-24,96,31,61,Male,29,true,false,true
450,,2023-02-23,46,48,97,Female,26,true,false,true
451,,2023-02-04,77,7,93,Male,23,false,false,false
452,,2023-02-22,74,50,78,Female,30,true,false,false
453,,2023-01-19,68,57,47,Female,18,false,false,false
454,,2023-03-08,89,69,3,Female,25,true,false,true
455,,2023-02-13,67,3,94,Female,31,false,false,true
456,,2023-01-15,52,7,38,Female,25,false,false,false
457,,2023-03-30,63,83,47,Male,21,true,true,false
458,,2023-04-11,55,77,67,Male,25,true,true,true
459,,2023-04-20,69,18,12,Male,21,false,false,false
460,,2023-02-17,85,35,7,Male,19,true,true,true
461,,2023-03-25,88,58,9,Male,23,false,false,true
462,,2023-04-13,64,63,51,Male,32,false,false,true
463,,2023-04-21,70,76,14,Female,38,true,true,true
464,,2023-01-10,83,96,97,Male,19,false,false,true
465,,2023-01-27,64,29,75,Female,30,false,false,false
466,,2023-01-19,47,8,95,Male,38,false,false,false
467,,2023-03-15,74,39,60,Female,32,false,false,false
468,,2023-04-15,68,98,66,Female,40,true,true,false
469,,2023-01-19,88,79,3,Female,20,false,false,false
470,,2023-03-07,48,80,44,Female,36,false,true,false
471,,2023-03-07,87,22,81,Female,32,true,false,true
472,,2023-03-04,69,31,16,Male,34,true,true,false
473,,2023-04-26,77,66,5,Male,32,false,false,true
474,,2023-01-08,82,0,94,Male,20,false,true,true
475,,2023-02-18,69,10,36,Male,34,true,false,true
476,,2023-01-04,77,78,79,Male,27,true,true,true
477,,2023-01-20,55,69,34,Female,39,true,false,false
478,,2023-01-18,51,69,71,Female,30,false,false,true
479,,2023-04-25,92,70,76,Male,28,true,true,true
480,,2023-04-14,64,45,86,Male,29,true,false,false
481,,2023-04-26,53,100,48,Male,26,false,true,true
482,,2023-04-03,55,11,81,Male,39,true,true,false
483,,2023-02-22,96,29,75,Male,23,false,false,true
484,,2023-04-18,67,93,34,Female,37,true,false,true
485,,2023-01-11,46,59,10,Male,24,false,false,false
486,,2023-04-18,46,21,23,Female,31,true,true,true
487,,2023-03-18,51,26,15,Female,19,false,false,false
488,,2023-04-21,58,51,38,Male,23,false,true,false
489,,2023-01-26,70,33,69,Male,21,false,true,false
490,,2023-04-23,82,38,94,Male,29,true,true,true
491,,2023-03-07,63,51,36,Female,30,true,true,false
492,,2023-03-09,47,66,16,Male,32,true,false,false
493,,2023-04-05,75,11,37,Male,35,true,false,false
494,,2023-01-28,63,31,84,Female,39,false,true,true
495,,2023-02-04,63,92,88,Female,20,false,true,true
496,,2023-04-26,59,63,98,Female,39,false,false,true
497,,2023-02-17,58,57,93,Female,23,true,false,false
498,,2023-02-07,85,62,40,Female,18,false,true,false
499,,2023-03-06,54,35,99,Female,32,false,false,true
500,,2023-04-27,92,8,74,Female,36,false,false,false
501,,2023-04-02,100,40,67,Male,29,true,false,false
502,,2023-03-25,96,51,91,Female,33,true,true,false
503,,2023-04-23,47,99,21,Female,18,true,false,true
504,,2023-01-05,71,1,66,Female,30,false,false,true
505,,2023-04-28,89,76,93,Female,27,false,true,false
506,,2023-04-21,60,84,98,Female,38,false,true,false
507,,2023-03-30,89,52,0,Female,27,true,true,true
508,,2023-04-13,56,75,11,Male,33,true,true,true
509,,2023-02-19,72,85,3,Male,28,false,true,true
510,,2023-03-15,88,75,57,Female,23,false,false,false
511,,2023-04-03,71,52,9,Male,24,true,true,false
512,,2023-01-20,92,40,92,Female,22,true,true,true
513,,2023-01-23,60,82,14,Female,32,true,false,false
514,,2023-04-21,99,65,23,Male,23,false,false,false
515,,2023-01-16,85,0,95,Female,18,false,true,false
516,,2023-03-21,78,24,44,Female,26,true,false,false
517,,2023-04-10,81,54,55,Male,40,true,false,true
518,,2023-01-03,87,71,80,Female,21,false,false,false
519,,2023-04-14,66,42,66,Male,33,false,false,false
520,,2023-01-28,61,14,93,Female,40,true,false,false
521,,2023-04-26,89,95,0,Female,22,false,false,false
522,,2023-04-25,67,16,97,Female,31,true,false,true
523,,2023-03-14,89,35,75,Female,30,true,true,false
524,,2023-04-04,63,19,39,Male,34,false,true,true
525,,2023-02-06,80,29,21,Male,30,true,false,true
526,,2023-01-17,66,24,23,Female,29,false,false,true
527,,2023-01-25,50,12,68,Female,33,false,false,false
528,,2023-03-04,80,35,35,Female,39,false,false,false
529,,2023-03-23,68,79,96,Female,34,false,false,false
530,,2023-02-24,59,39,86,Female,25,true,true,true
531,,2023-01-09,57,20,79,Male,27,true,true,false
532,,2023-02-02,73,27,62,Male,31,true,false,true
533,,2023-04-03,66,18,0,Female,20,true,false,true
534,,2023-02-01,74,51,29,Male,40,false,false,true
535,,2023-01-02,81,97,42,Male,35,true,true,false
536,,2023-02-09,96,76,69,Female,37,true,false,false
537,,2023-04-02,98,94,65,Female,29,true,true,true
538,,2023-02-23,54,2,30,Female,24,true,false,false
539,,2023-01-18,93,21,30,Female,34,false,false,true
540,,2023-03-26,79,61,80,Female,38,true,true,true
541,,2023-04-04,79,13,91,Male,21,false,false,false
542,,2023-03-27,70,60,37,Male,34,true,true,false
543,,2023-03-28,73,58,58,Male,37,false,true,false
544,,2023-01-23,50,83,98,Female,35,false,true,false
545,,2023-03-09,58,62,20,Female,20,false,false,false
546,,2023-03-31,57,45,85,Female,21,true,false,false
547,,2023-02-13,87,11,96,Male,27,true,true,true
548,,2023-01-10,64,54,71,Male,28,false,false,true
549,,2023-04-23,79,51,93,Male,22,true,true,true
550,,2023-03-15,96,18,44,Female,23,false,true,false
551,,2023-01-18,82,18,2,Female,38,false,false,false
552,,2023-02-15,95,83,64,Male,28,true,false,false
553,,2023-04-08,63,31,1,Female,20,false,true,false
554,,2023-01-07,55,53,70,Male,38,true,false,false
555,,2023-03-08,49,1,46,Female,30,true,true,true
556,,2023-04-28,70,62,31,Male,38,false,true,false
557,,2023-02-15,94,59,6,Female,33,false,true,false
558,,2023-02-19,80,52,53,Male,23,true,false,false
559,,2023-01-02,94,55,23,Male,38,true,true,true
560,,2023-03-15,97,39,20,Female,36,true,true,true
561,,2023-03-25,98,36,49,Male,37,false,true,true
562,,2023-02-13,77,42,86,Male,40,true,true,false
563,,2023-03-18,95,92,19,Male,28,false,false,true
564,,2023-04-18,94,86,35,Female,29,false,false,true
565,,2023-02-01,87,95,60,Male,40,true,true,false
566,,2023-02-07,69,60,97,Male,22,true,false,false
567,,2023-03-21,85,5,61,Female,40,true,false,false
568,,2023-02-06,69,19,77,Female,36,true,true,true
569,,2023-04-19,56,82,25,Male,35,true,false,true
570,,2023-04-13,68,8,39,Female,36,false,false,false
571,,2023-03-26,51,76,72,Male,24,true,false,true
572,,2023-03-03,51,83,21,Male,35,true,true,false
573,,2023-04-20,81,10,66,Male,39,false,false,false
574,,2023-02-04,93,53,60,Male,35,true,true,true
575,,2023-04-11,69,16,81,Male,25,true,true,false
576,,2023-03-22,90,65,87,Female,19,true,false,false
577,,2023-04-23,87,65,14,Male,28,false,false,true
578,,2023-04-17,72,95,67,Male,28,false,false,true
579,,2023-03-15,81,30,46,Male,32,true,false,true
580,,2023-03-11,64,18,40,Male,29,false,false,true
581,,2023-03-05,54,69,28,Male,22,true,false,true
582,,2023-02-27,82,25,37,Male,40,false,false,true
583,,2023-03-22,57,28,8,Male,25,true,false,true
584,,2023-01-29,100,68,52,Female,39,false,true,true
585,,2023-01-20,65,8,8,Female,21,false,false,true
586,,2023-01-06,60,49,92,Female,38,false,false,false
587,,2023-04-22,47,59,90,Male,30,false,false,true
588,,2023-02-10,96,15,28,Female,27,false,false,true
589,,2023-04-10,71,37,15,Male,40,true,false,true
590,,2023-01-09,69,35,77,Female,36,false,true,true
591,,2023-04-14,77,86,56,Male,38,false,false,true
592,,2023-01-10,100,71,52,Male,31,true,false,true
593,,2023-03-06,54,93,59,Female,34,false,false,true
594,,2023-02-20,97,73,30,Male,21,false,false,true
595,,2023-03-31,58,36,42,Male,39,false,false,false
596,,2023-02-09,79,15,83,Female,39,true,false,true
597,,2023-02-01,77,73,99,Male,40,false,true,true
598,,2023-04-20,46,70,24,Female,33,true,true,false
599,,2023-03-27,87,2,46,Male,22,false,false,true
600,,2023-01-03,77,57,2,Female,21,false,true,true
601,,2023-01-03,88,41,58,Male,24,true,true,false
602,,2023-03-31,97,40,19,Male,22,true,true,true
603,,2023-01-03,62,77,60,Male,22,false,true,true
604,,2023-01-31,91,73,16,Male,27,true,true,false
605,,2023-01-25,53,79,46,Male,27,true,false,true
606,,2023-02-17,78,3,19,Male,30,false,false,false
607,,2023-04-09,87,83,23,Female,28,true,false,false
608,,2023-03-01,54,3,4,Female,26,true,true,true
609,,2023-04-01,55,85,62,Male,23,true,true,false
610,,2023-01-09,72,89,56,Male,40,false,true,true
611,,2023-03-09,96,12,2,Male,31,false,true,false
612,,2023-02-04,78,40,76,Female,27,false,false,false
613,,2023-04-02,55,84,52,Female,22,true,false,false
614,,2023-02-18,64,17,48,Male,29,false,false,false
615,,2023-03-22,98,33,4,Female,28,true,false,false
616,,2023-01-27,46,51,90,Female,25,true,false,false
617,,2023-02-22,48,28,84,Male,24,true,false,false
618,,2023-03-04,60,64,49,Male,33,false,false,true
619,,2023-02-04,55,42,93,Male,32,false,false,false
620,,2023-02-05,92,24,4,Male,20,true,true,true
621,,2023-04-21,49,29,67,Female,18,true,false,true
622,,2023-04-10,54,50,49,Female,29,false,false,true
623,,2023-04-21,48,30,45,Female,31,true,true,true
624,,2023-04-17,64,39,43,Male,34,false,true,false
625,,2023-01-02,82,56,73,Female,39,true,true,true
626,,2023-04-15,94,41,6,Female,32,true,true,false
627,,2023-01-22,98,75,19,Male,27,true,false,false
628,,2023-02-24,91,22,66,Female,22,false,false,true
629,,2023-04-22,96,29,31,Male,40,false,true,true
630,,2023-04-24,57,45,12,Female,27,true,false,true
631,,2023-02-14,64,3,45,Male,36,false,false,true
632,,2023-01-02,76,16,21,Female,24,true,false,false
633,,2023-04-09,95,15,45,Female,33,false,true,false
634,,2023-04-16,92,31,6,Male,26,false,true,true
635,,2023-03-05,48,2,87,Male,37,true,false,true
636,,2023-03-16,59,52,16,Male,32,false,true,true
637,,2023-02-15,68,47,21,Male,37,false,true,true
638,,2023-02-17,92,100,43,Male,18,true,true,true
639,,2023-04-05,80,17,78,Female,28,false,false,true
640,,2023-02-10,77,64,37,Male,37,true,false,false
641,,2023-04-30,99,7,31,Female,22,true,false,true
642,,2023-02-07,100,47,99,Male,31,false,true,false
643,,2023-01-17,55,44,20,Male,23,false,true,false
644,,2023-01-20,46,99,41,Female,19,true,true,false
645,,2023-03-17,96,86,66,Male,33,true,false,true
646,,2023-01-17,89,90,34,Female,37,true,false,false
647,,2023-04-26,79,79,10,Male,20,true,false,false
648,,2023-04-10,64,18,26,Female,20,false,true,true
649,,2023-03-11,49,77,36,Female,22,false,false,false
650,,2023-02-09,97,27,34,Female,21,true,true,true
651,,2023-01-01,75,76,59,Female,36,false,false,false
652,,2023-03-19,50,8,17,Male,32,true,false,true
653,,2023-02-15,86,71,25,Male,21,true,false,true
654,,2023-04-10,80,51,8,Male,31,false,false,true
655,,2023-03-18,90,12,50,Male,23,true,true,true
656,,2023-01-27,64,22,92,Male,38,false,true,true
657,,2023-02-04,62,46,35,Male,37,true,true,false
658,,2023-03-30,72,44,49,Female,34,false,true,true
659,,2023-04-27,76,28,40,Female,34,true,false,false
660,,2023-03-14,83,63,31,Male,29,false,false,true
661,,2023-04-24,84,35,63,Male,38,false,true,true
662,,2023-04-29,54,22,8,Male,24,false,true,false
663,,2023-02-01,93,90,11,Male,39,false,true,false
664,,2023-01-06,92,2,38,Female,36,true,true,false
665,,2023-03-30,45,39,85,Male,34,true,false,false
666,,2023-01-01,87,67,65,Male,30,false,false,true
667,,2023-01-31,92,8,16,Male,37,true,true,false
668,,2023-04-13,87,65,15,Female,28,false,true,false
669,,2023-01-07,90,10,84,Male,37,true,false,true
670,,2023-03-04,45,76,55,Male,36,true,true,false
671,,2023-04-02,81,70,56,Female,40,false,false,true
672,,2023-02-10,64,12,44,Female,25,false,false,false
673,,2023-04-10,79,51,94,Male,24,false,true,false
674,,2023-01-22,51,56,73,Female,34,true,true,true
675,,2023-02-23,79,44,45,Female,38,true,true,false
676,,2023-02-22,89,5,98,Female,18,true,true,false
677,,2023-02-08,78,47,59,Male,39,true,true,true
678,,2023-04-07,74,91,18,Male,23,true,false,false
679,,2023-01-11,90,46,1,Female,20,false,false,false
680,,2023-03-17,75,78,73,Female,30,false,true,false
681,,2023-03-15,87,24,84,Male,25,false,false,false
682,,2023-01-25,85,25,45,Male,25,false,false,false
683,,2023-01-25,79,15,23,Female,35,false,true,true
684,,2023-04-07,49,64,24,Female,36,false,true,false
685,,2023-01-06,100,24,99,Male,34,false,false,true
686,,2023-02-14,51,89,37,Male,32,true,true,true
687,,2023-03-25,88,72,38,Male,39,false,false,false
688,,2023-01-04,58,66,78,Female,37,false,true,false
689,,2023-04-13,59,5,27,Female,29,true,true,true
690,,2023-04-24,94,43,31,Male,38,true,false,false
691,,2023-04-09,87,5,74,Male,18,false,false,true
692,,2023-02-17,85,84,2,Male,36,true,true,false
693,,2023-02-08,98,84,20,Female,39,false,false,true
694,,2023-03-02,68,55,63,Male,36,false,false,false
695,,2023-01-02,86,27,32,Female,39,false,true,false
696,,2023-03-24,83,66,33,Male,19,true,false,true
697,,2023-03-14,53,86,93,Female,26,true,false,false
698,,2023-04-11,94,76,94,Female,37,false,true,true
699,,2023-03-28,99,89,10,Male,38,false,true,false
700,,2023-04-23,89,93,21,Male,22,false,true,true
701,,2023-03-04,92,33,99,Female,35,false,false,true
702,,2023-01-03,78,7,97,Male,30,true,true,true
703,,2023-02-22,50,87,61,Female,31,true,false,true
704,,2023-03-07,95,11,13,Male,32,false,false,false
705,,2023-04-10,54,1,93,Female,21,false,true,false
706,,2023-03-15,71,10,21,Male,24,true,false,false
707,,2023-03-16,59,54,9,Female,29,true,true,false
708,,2023-02-11,96,83,83,Female,24,false,false,false
709,,2023-03-25,90,55,55,Male,22,false,false,true
710,,2023-02-28,82,37,16,Female,27,false,true,false
711,,2023-01-05,58,30,20,Female,26,false,false,false
712,,2023-01-28,85,43,53,Female,28,false,true,true
713,,2023-03-31,94,54,38,Male,24,true,true,true
714,,2023-04-05,76,62,30,Female,21,false,false,false
715,,2023-02-22,75,71,32,Female,29,true,true,true
716,,2023-03-21,47,48,32,Male,23,false,true,true
717,,2023-03-30,76,75,58,Female,35,false,true,false
718,,2023-01-13,84,28,13,Male,30,true,true,true
719,,2023-04-18,90,82,3,Male,23,true,true,true
720,,2023-01-25,73,80,23,Female,40,true,true,true
721,,2023-02-21,46,29,96,Female,37,true,false,false
722,,2023-03-14,56,82,90,Female,30,true,false,false
723,,2023-01-05,68,58,25,Female,29,false,true,true
724,,2023-04-02,70,9,19,Male,26,false,true,false
725,,2023-01-19,76,29,28,Female,19,false,true,true
726,,2023-04-21,91,64,30,Male,21,false,false,false
727,,2023-01-16,53,72,100,Male,18,false,false,true
728,,2023-01-22,86,90,61,Female,28,true,true,false
729,,2023-01-10,79,20,75,Male,19,false,false,true
730,,2023-04-07,88,14,81,Female,25,false,false,false
731,,2023-02-28,75,71,94,Female,27,false,true,true
732,,2023-01-31,50,61,98,Female,21,false,true,true
733,,2023-03-15,69,46,3,Female,31,true,true,false
734,,2023-01-18,98,32,32,Male,20,true,true,true
735,,2023-02-25,48,17,8,Male,19,true,true,true
736,,2023-04-10,53,82,43,Male,23,true,true,false
737,,2023-04-05,68,34,31,Male,26,true,true,true
738,,2023-02-19,66,71,13,Male,30,true,false,false
739,,2023-02-15,46,75,94,Female,39,false,true,false
740,,2023-03-16,82,63,5,Male,38,true,false,true
741,,2023-03-05,85,33,69,Male,24,true,true,false
742,,2023-02-04,52,64,19,Male,39,true,true,false
743,,2023-04-08,63,58,80,Female,23,false,true,false
744,,2023-01-08,94,55,1,Female,34,true,false,true
745,,2023-01-11,100,30,66,Female,35,true,false,false
746,,2023-02-05,89,75,47,Male,29,true,false,true
747,,2023-03-02,77,79,7,Male,30,true,true,true
748,,2023-03-07,93,85,17,Female,19,false,false,true
749,,2023-02-16,70,78,74,Female,38,true,false,false
750,,2023-03-31,74,74,66,Male,26,false,true,false
751,,2023-01-22,51,24,51,Female,36,false,false,true
752,,2023-04-01,61,78,77,Male,27,false,true,false
753,,2023-04-08,95,22,81,Male,39,false,true,true
754,,2023-03-29,49,74,77,Female,30,false,true,false
755,,2023-04-02,84,57,77,Female,40,false,false,true
756,,2023-01-08,81,80,94,Male,27,false,true,false
757,,2023-04-05,100,39,8,Male,30,false,true,true
758,,2023-02-26,78,45,74,Male,39,false,true,true
759,,2023-01-07,50,16,57,Male,33,false,false,false
760,,2023-04-27,77,19,43,Female,30,false,true,true
761,,2023-02-09,65,23,45,Male,31,false,false,true
762,,2023-04-26,97,1,56,Male,37,true,true,false
763,,2023-03-13,67,77,31,Female,27,false,false,true
764,,2023-01-19,52,15,35,Male,18,false,false,false
765,,2023-02-25,65,67,6,Female,18,true,true,false
766,,2023-03-02,49,19,67,Male,37,true,false,false
767,,2023-02-04,57,51,44,Female,27,true,true,true
768,,2023-01-13,64,52,95,Female,22,true,false,false
769,,2023-02-16,90,79,94,Male,32,false,true,true
770,,2023-02-16,94,29,75,Female,27,true,false,false
771,,2023-04-10,75,51,33,Male,20,true,true,false
772,,2023-01-02,55,3,26,Male,33,true,false,false
773,,2023-04-27,48,5,31,Male,35,false,true,true
774,,2023-01-12,77,78,55,Female,34,false,true,true
775,,2023-03-06,89,9,14,Male,36,false,true,true
776,,2023-03-08,58,54,87,Female,28,true,true,true
777,,2023-03-22,75,94,85,Male,30,true,false,true
778,,2023-04-02,48,4,59,Male,27,true,true,false
779,,2023-01-18,72,64,15,Female,19,false,false,false
780,,2023-01-30,97,24,22,Female,20,true,false,true
781,,2023-04-30,82,42,24,Female,18,false,false,false
782,,2023-02-05,56,17,30,Male,29,true,true,true
783,,2023-03-27,91,40,71,Male,22,true,true,false
784,,2023-03-26,84,94,94,Male,37,true,true,true
785,,2023-01-01,58,56,52,Male,33,true,false,true
786,,2023-04-07,78,3,60,Female,38,false,true,true
787,,2023-01-03,66,49,84,Female,21,true,false,false
788,,2023-03-09,84,11,24,Male,32,true,false,true
789,,2023-01-29,56,68,42,Female,31,true,true,false
790,,2023-02-21,65,50,94,Female,26,false,false,true
791,,2023-04-27,75,88,19,Male,19,true,true,true
792,,2023-02-03,94,72,38,Male,27,false,true,true
793,,2023-01-19,98,23,57,Female,37,true,true,true
794,,2023-03-17,92,65,56,Female,30,false,true,false
795,,2023-03-21,99,30,63,Female,38,false,false,true
796,,2023-01-21,59,51,46,Female,23,true,false,true
797,,2023-03-03,87,20,29,Male,29,false,true,true
798,,2023-02-05,58,28,54,Female,26,true,false,true
799,,2023-02-21,90,66,78,Female,36,true,false,true
800,,2023-04-27,73,47,90,Female,18,true,false,true
801,,2023-02-13,78,14,60,Male,30,true,true,false
802,,2023-01-19,45,83,31,Female,18,false,true,false
803,,2023-01-17,82,84,9,Male,18,true,false,false
804,,2023-04-23,91,31,99,Male,19,true,false,false
805,,2023-01-11,93,20,66,Female,30,true,true,false
806,,2023-01-27,45,26,39,Male,26,false,true,false
807,,2023-03-08,83,55,89,Female,31,true,false,true
808,,2023-02-15,82,45,32,Female,23,true,false,true
809,,2023-02-02,92,19,20,Female,34,false,false,false
810,,2023-03-26,86,59,18,Female,28,false,false,false
811,,2023-01-18,63,1,11,Female,32,false,false,false
812,,2023-04-27,55,93,91,Female,35,true,false,true
813,,2023-03-04,73,40,57,Female,26,true,true,false
814,,2023-02-11,45,14,66,Female,35,false,true,false
815,,2023-04-20,67,61,85,Male,40,false,false,true
816,,2023-04-19,61,63,44,Female,28,true,false,true
817,,2023-01-13,82,8,19,Male,30,true,false,false
818,,2023-01-01,88,19,20,Female,38,false,false,false
819,,2023-01-14,56,55,87,Male,40,true,true,false
820,,2023-02-21,94,52,20,Female,25,false,false,false
821,,2023-04-02,50,69,51,Male,25,false,false,false
822,,2023-03-25,100,78,77,Male,24,true,true,false
823,,2023-03-05,81,66,88,Male,34,true,false,true
824,,2023-02-26,72,35,0,Male,28,true,false,true
825,,2023-04-27,57,60,13,Female,26,true,false,false
826,,2023-02-20,70,99,29,Female,21,false,true,true
827,,2023-04-24,45,7,0,Female,30,true,true,true
828,,2023-01-08,61,43,86,Male,18,true,true,false
829,,2023-02-27,48,43,14,Male,18,false,true,false
830,,2023-02-08,46,21,44,Female,27,true,true,true
831,,2023-04-14,67,35,45,Male,39,true,false,true
832,,2023-01-05,80,95,58,Female,19,false,false,true
833,,2023-02-11,95,98,53,Female,35,false,true,false
834,,2023-03-22,99,93,49,Female,36,true,false,true
835,,2023-01-29,83,10,23,Female,20,false,true,false
836,,2023-01-04,95,22,43,Male,29,false,false,false
837,,2023-04-01,58,20,0,Female,25,false,true,false
838,,2023-04-06,76,18,62,Male,22,true,false,true
839,,2023-04-20,67,40,25,Male,33,true,false,false
840,,2023-01-27,51,20,3,Male,30,true,true,true
841,,2023-01-08,98,81,97,Male,31,true,false,false
842,,2023-03-06,100,51,84,Male,19,false,false,false
843,,2023-01-10,71,56,18,Male,36,true,false,true
844,,2023-03-28,58,63,43,Male,35,true,true,true
845,,2023-03-31,84,87,35,Female,31,true,false,true
846,,2023-02-04,95,62,23,Male,19,false,false,false
847,,2023-03-02,54,48,88,Male,21,true,true,false
848,,2023-04-17,90,73,98,Female,25,false,false,false
849,,2023-02-17,50,22,81,Female,35,false,true,true
850,,2023-04-26,92,3,7,Male,34,false,true,true
851,,2023-03-09,61,18,87,Female,18,false,false,false
852,,2023-04-22,85,43,100,Female,28,true,true,false
853,,2023-01-09,70,55,45,Female,27,false,true,true
854,,2023-01-29,88,43,31,Female,32,false,false,true
855,,2023-04-06,97,4,73,Male,23,false,false,false
856,,2023-03-06,63,55,6,Female,25,true,false,false
857,,2023-01-01,71,72,24,Female,32,false,true,true
858,,2023-02-24,81,59,56,Male,30,false,true,true
859,,2023-04-18,49,29,34,Male,26,true,false,false
860,,2023-04-16,63,67,30,Female,30,false,true,true
861,,2023-02-02,66,37,77,Male,33,true,true,false
862,,2023-01-09,97,33,91,Female,38,false,false,true
863,,2023-02-14,66,12,86,Female,26,false,false,true
864,,2023-04-16,98,82,26,Female,23,true,true,true
865,,2023-01-14,58,11,26,Male,30,false,false,false
866,,2023-03-09,89,76,96,Male,38,true,true,false
867,,2023-01-10,59,73,5,Male,30,true,true,false
868,,2023-03-20,63,33,100,Male,31,true,true,true
869,,2023-01-03,64,86,62,Female,19,true,false,false
870,,2023-01-07,66,8,22,Female,35,false,true,true
871,,2023-03-05,92,20,85,Male,18,true,false,true
872,,2023-03-04,98,44,97,Male,24,true,true,false
873,,2023-03-13,50,93,2,Female,39,true,true,false
874,,2023-04-13,90,83,58,Male,30,true,true,true
875,,2023-01-08,52,3,59,Female,23,false,true,true
876,,2023-01-24,82,61,94,Male,22,true,false,true
877,,2023-04-29,76,2,19,Male,22,false,true,true
878,,2023-04-28,98,2,42,Female,26,true,true,false
879,,2023-04-28,67,28,81,Male,34,true,true,false
880,,2023-02-16,97,89,4,Male,30,true,false,true
881,,2023-02-03,91,95,26,Male,22,true,false,false
882,,2023-02-25,69,18,23,Female,30,true,false,true
883,,2023-01-10,50,0,73,Female,33,false,true,true
884,,2023-03-01,97,24,9,Male,39,false,false,true
885,,2023-04-19,78,96,98,Male,27,false,false,true
886,,2023-02-06,90,87,71,Female,24,false,false,true
887,,2023-04-17,80,21,85,Female,27,true,true,false
888,,2023-03-29,53,47,99,Male,22,false,true,false
889,,2023-01-12,95,81,0,Male,18,true,false,false
890,,2023-02-07,76,13,42,Female,18,false,false,true
891,,2023-01-01,95,69,22,Male,24,true,false,false
892,,2023-02-18,47,99,92,Male,27,false,false,false
893,,2023-03-30,49,18,71,Male,26,false,false,true
894,,2023-01-09,63,50,54,Male,26,true,false,false
895,,2023-03-19,48,43,0,Male,33,false,true,false
896,,2023-03-28,99,58,0,Male,37,true,true,false
897,,2023-01-21,54,77,49,Female,39,true,true,false
898,,2023-03-03,59,10,51,Female,33,true,false,false
899,,2023-04-26,61,42,66,Male,34,true,true,false
900,,2023-01-04,79,82,55,Female,18,false,true,true
901,,2023-03-26,46,49,24,Female,39,true,true,true
902,,2023-02-03,83,75,4,Male,34,false,true,false
903,,2023-02-17,69,9,54,Male,39,true,true,true
904,,2023-04-24,76,40,8,Male,23,true,true,false
905,,2023-03-21,88,24,66,Female,26,false,true,true
906,,2023-03-13,88,33,84,Female,18,true,true,false
907,,2023-03-31,70,55,60,Female,39,false,true,false
908,,2023-02-26,94,3,40,Male,34,true,true,false
909,,2023-03-06,84,75,11,Male,27,false,true,false
910,,2023-01-20,51,69,98,Male,38,true,false,false
911,,2023-04-27,53,37,83,Male,26,false,true,true
912,,2023-01-02,64,53,41,Male,19,false,false,false
913,,2023-03-07,99,36,81,Male,27,false,true,false
914,,2023-03-19,71,36,52,Male,18,true,true,false
915,,2023-04-09,47,57,75,Female,30,false,true,true
916,,2023-04-01,96,8,100,Male,19,true,true,false
917,,2023-01-20,76,3,67,Male,27,false,true,true
918,,2023-04-10,51,46,87,Male,27,false,true,true
919,,2023-02-28,91,54,95,Female,36,true,false,true
920,,2023-02-05,93,62,17,Female,22,true,false,true
921,,2023-04-13,75,96,100,Female,23,false,false,true
922,,2023-04-26,91,88,40,Female,32,false,false,false
923,,2023-04-23,89,65,79,Female,23,false,false,false
924,,2023-04-15,60,47,98,Male,39,false,false,false
925,,2023-04-10,95,92,93,Female,24,false,false,false
926,,2023-01-14,54,30,58,Female,38,false,true,true
927,,2023-04-18,76,95,63,Female,24,false,false,false
928,,2023-04-30,59,60,33,Female,19,false,true,true
929,,2023-03-16,83,13,94,Female,33,true,false,false
930,,2023-02-03,51,77,96,Male,24,true,true,true
931,,2023-03-12,54,0,78,Male,27,false,false,false
932,,2023-01-11,98,1,18,Male,39,false,false,true
933,,2023-04-07,93,26,76,Male,28,false,true,true
934,,2023-02-22,89,23,7,Male,38,true,false,true
935,,2023-01-22,79,18,44,Female,24,true,false,true
936,,2023-01-09,49,65,54,Female,32,false,true,false
937,,2023-04-02,92,10,82,Male,27,true,false,false
938,,2023-03-15,84,91,4,Female,31,false,true,true
939,,2023-01-09,47,62,19,Female,23,false,false,false
940,,2023-04-15,74,52,70,Female,38,true,false,false
941,,2023-03-25,82,57,31,Male,20,true,true,true
942,,2023-04-28,50,46,53,Female,34,true,true,true
943,,2023-01-20,96,64,43,Female,24,true,true,true
944,,2023-01-11,68,99,54,Male,35,true,true,true
945,,2023-02-03,67,18,40,Female,18,false,false,true
946,,2023-04-15,68,26,94,Female,32,true,false,true
947,,2023-01-25,86,87,73,Female,31,false,true,false
948,,2023-01-07,70,58,46,Male,36,false,true,true
949,,2023-03-28,86,64,28,Female,20,true,false,true
950,,2023-03-03,90,11,49,Male,40,true,false,true
951,,2023-01-30,51,27,9,Female,22,false,false,false
952,,2023-04-11,52,30,12,Male,29,false,true,true
953,,2023-04-13,93,71,1,Male,38,true,false,false
954,,2023-03-17,86,40,39,Male,36,true,true,false
955,,2023-01-18,51,0,5,Male,39,false,false,false
956,,2023-03-20,52,77,80,Male,36,false,true,false
957,,2023-03-29,95,91,61,Female,34,true,true,false
958,,2023-02-23,84,78,73,Male,22,false,false,true
959,,2023-01-23,66,8,100,Male,28,true,false,true
960,,2023-04-26,65,4,52,Male,29,true,false,true
961,,2023-04-22,81,72,32,Male,37,true,true,true
962,,2023-03-12,74,83,26,Male,38,false,true,true
963,,2023-02-18,77,0,83,Male,24,false,true,false
964,,2023-04-16,73,79,36,Male,34,true,true,false
965,,2023-04-26,98,4,81,Female,36,true,true,true
966,,2023-04-04,93,57,42,Female,39,false,false,true
967,,2023-04-30,60,90,23,Female,28,true,true,false
968,,2023-01-30,92,54,52,Male,33,true,true,true
969,,2023-01-08,45,9,72,Male,28,false,false,false
970,,2023-04-21,89,42,5,Male,19,false,true,false
971,,2023-02-10,70,74,55,Male,35,false,false,false
972,,2023-04-07,84,72,25,Male,36,false,true,false
973,,2023-01-06,75,41,12,Male,25,false,true,true
974,,2023-03-10,45,89,85,Female,23,false,true,true
975,,2023-02-07,83,88,33,Male,37,false,false,false
976,,2023-03-26,51,4,16,Female,30,false,false,false
977,,2023-02-22,90,29,10,Female,18,false,true,false
978,,2023-03-04,97,59,32,Male,40,false,true,true
979,,2023-02-04,96,69,43,Male,23,false,false,true
980,,2023-02-25,59,95,27,Female,24,true,true,true
981,,2023-01-27,82,74,2,Male,21,true,false,false
982,,2023-04-13,70,4,35,Female,26,false,true,true
983,,2023-03-12,97,35,53,Male,36,true,false,true
984,,2023-02-18,62,33,45,Female,22,false,false,false
985,,2023-02-11,72,34,0,Female,36,false,false,true
986,,2023-01-21,68,48,33,Male,22,false,false,false
987,,2023-02-09,97,22,28,Female,34,false,false,false
988,,2023-01-21,66,49,72,Male,24,true,true,false
989,,2023-01-12,85,94,56,Male,29,true,false,false
990,,2023-03-29,54,65,61,Male,29,false,false,true
991,,2023-02-22,64,70,69,Male,31,true,true,false
992,,2023-04-22,73,62,35,Male,21,false,true,true
993,,2023-01-22,68,80,36,Male,29,true,true,true
994,,2023-03-21,49,86,66,Male,23,false,true,false
995,,2023-03-25,82,90,66,Female,19,true,false,true
996,,2023-02-20,76,1,6,Male,23,false,true,false
997,,2023-02-04,60,99,54,Male,24,true,true,false
998,,2023-04-10,93,37,17,Female,18,true,false,true
999,,2023-01-19,64,19,16,Male,20,true,false,false
1000,,2023-04-12,86,84,42,Female,22,true,true,false
